SRP Index,SRR Accession Number,Cell Type,Pathogen,Hour Post Infection (HPI),Mock/infected,RNA-seq Type (total/mRNA),Library Type
SRP033647,SRR1046364,A549,RSV,18,mock,Total,PAIRED
SRP033647,SRR1046683,A549,RSV,18,mock,Total,PAIRED
SRP033647,SRR1046797,A549,RSV,18,infected,Total,PAIRED
SRP033647,SRR1046686,A549,RSV,18,infected,Total,PAIRED
SRP060253,SRR2084600,AGS,EBV,NA,mock,Total,PAIRED
SRP060253,SRR2084602,AGS,EBV,NA,mock,Total,PAIRED
SRP060253,SRR2084603,AGS,EBV,NA,infected,Total,PAIRED
SRP060253,SRR2084604,AGS,EBV,NA,infected,Total,PAIRED
SRP078309,SRR3872523,A549,DENV2,0,mock,Total,PAIRED
SRP078309,SRR3872524,A549,DENV2,0,mock,Total,PAIRED
SRP078309,SRR3872525,A549,DENV2,0,mock,Total,PAIRED
SRP078309,SRR3872517,A549,DENV2,36,infected,Total,PAIRED
SRP078309,SRR3872518,A549,DENV2,36,infected,Total,PAIRED
SRP078309,SRR3872519,A549,DENV2,36,infected,Total,PAIRED
SRP091538,SRR4423191,HepG2,HEV,120,mock,Total,PAIRED
SRP091538,SRR4423192,HepG2,HEV,120,mock,Total,PAIRED
SRP091538,SRR4423193,HepG2,HEV,120,mock,Total,PAIRED
SRP091538,SRR4423194,HepG2,HEV,120,mock,Total,PAIRED
SRP091538,SRR4423195,HepG2,HEV,120,infected,Total,PAIRED
SRP091538,SRR4423196,HepG2,HEV,120,infected,Total,PAIRED
SRP091538,SRR4423197,HepG2,HEV,120,infected,Total,PAIRED
SRP091538,SRR4423198,HepG2,HEV,120,infected,Total,PAIRED
SRP094462,SRR5069807,HInEpC,ROTAV,6,mock,Total,PAIRED
SRP094462,SRR5069808,HInEpC,ROTAV,6,mock,Total,PAIRED
SRP094462,SRR5069809,HInEpC,ROTAV,6,infected,Total,PAIRED
SRP094462,SRR5069810,HInEpC,ROTAV,6,infected,Total,PAIRED
SRP101856,SRR5341993,DC,EBOV,24,mock,Total,PAIRED
SRP101856,SRR5341998,DC,EBOV,24,mock,Total,PAIRED
SRP101856,SRR5341994,DC,EBOV,24,infected,Total,PAIRED
SRP101856,SRR5341999,DC,EBOV,24,infected,Total,PAIRED
SRP103819,SRR5444546,HNEpC,HRV,48,mock,Total,PAIRED
SRP103819,SRR5444547,HNEpC,HRV,48,mock,Total,PAIRED
SRP103819,SRR5444548,HNEpC,HRV,48,mock,Total,PAIRED
SRP103819,SRR5444549,HNEpC,HRV,48,mock,Total,PAIRED
SRP103819,SRR5444550,HNEpC,HRV,48,mock,Total,PAIRED
SRP103819,SRR5444551,HNEpC,HRV,48,mock,Total,PAIRED
SRP103819,SRR5444552,HNEpC,HRV,48,infected,Total,PAIRED
SRP103819,SRR5444553,HNEpC,HRV,48,infected,Total,PAIRED
SRP103819,SRR5444554,HNEpC,HRV,48,infected,Total,PAIRED
SRP103819,SRR5444555,HNEpC,HRV,48,infected,Total,PAIRED
SRP103819,SRR5444556,HNEpC,HRV,48,infected,Total,PAIRED
SRP103819,SRR5444557,HNEpC,HRV,48,infected,Total,PAIRED
SRP111145,SRR5807527,ARPE19,EBOV,24,mock,Total,PAIRED
SRP111145,SRR5807531,ARPE19,EBOV,24,mock,Total,PAIRED
SRP111145,SRR5807535,ARPE19,EBOV,24,mock,Total,PAIRED
SRP111145,SRR5807539,ARPE19,EBOV,24,infected,Total,PAIRED
SRP111145,SRR5807543,ARPE19,EBOV,24,infected,Total,PAIRED
SRP111145,SRR5807547,ARPE19,EBOV,24,infected,Total,PAIRED
SRP115192,SRR5924423,HSAEpC,RVFV,18,mock,Total,PAIRED
SRP115192,SRR5924424,HSAEpC,RVFV,18,mock,Total,PAIRED
SRP115192,SRR5924425,HSAEpC,RVFV,18,mock,Total,PAIRED
SRP115192,SRR5924414,HSAEpC,RVFV,18,infected,Total,PAIRED
SRP115192,SRR5924415,HSAEpC,RVFV,18,infected,Total,PAIRED
SRP115192,SRR5924416,HSAEpC,RVFV,18,infected,Total,PAIRED
SRP115192,SRR5924414,HSAEC,RVFV,18,infected,Total,PAIRED
SRP115192,SRR5924415,HSAEC,RVFV,18,infected,Total,PAIRED
SRP115192,SRR5924416,HSAEC,RVFV,18,infected,Total,PAIRED
SRP115192,SRR5924423,HSAEC,RVFV,18,mock,Total,PAIRED
SRP115192,SRR5924424,HSAEC,RVFV,18,mock,Total,PAIRED
SRP115192,SRR5924425,HSAEC,RVFV,18,mock,Total,PAIRED
SRP117344,SRR6029566,KMB17,HSV1,48,mock,Total,PAIRED
SRP117344,SRR6029567,KMB17,HSV1,48,mock,Total,PAIRED
SRP117344,SRR6029568,KMB17,HSV1,48,mock,Total,PAIRED
SRP117344,SRR6029569,KMB17,HSV1,48,infected,Total,PAIRED
SRP117344,SRR6029570,KMB17,HSV1,48,infected,Total,PAIRED
SRP117344,SRR6029571,KMB17,HSV1,48,infected,Total,PAIRED
SRP125231,SRR6305336,HGC27,SeV,48,mock,Total,PAIRED
SRP125231,SRR6305337,HGC27,SeV,48,mock,Total,PAIRED
SRP125231,SRR6305338,HGC27,SeV,48,infected,Total,PAIRED
SRP125231,SRR6305339,HGC27,SeV,48,infected,Total,PAIRED
SRP149665,SRR7252609,Namalwa,SeV,6,mock,Total,PAIRED
SRP149665,SRR7252610,Namalwa,SeV,6,mock,Total,PAIRED
SRP149665,SRR7252611,Namalwa,SeV,6,infected,Total,PAIRED
SRP149665,SRR7252612,Namalwa,SeV,6,infected,Total,PAIRED
SRP152882,SRR7501124,CFBE,RSV,NA,infected,Total,PAIRED
SRP152882,SRR7501123,CFBE,RSV,NA,mock,Total,PAIRED
SRP154536,SRR7544828,HEK293,HSV1,4,mock,Total,PAIRED
SRP154536,SRR7544827,HEK293,HSV1,4,infected,Total,PAIRED
SRP158789,SRR7752722,HepG2,HBV,72,mock,Total,PAIRED
SRP158789,SRR7752723,HepG2,HBV,72,mock,Total,PAIRED
SRP158789,SRR7752720,HepG2,HBV,72,infected,Total,PAIRED
SRP158789,SRR7752721,HepG2,HBV,72,infected,Total,PAIRED
SRP161185,SRR7816497,ATII,IAV,24,mock,Total,PAIRED
SRP161185,SRR7816498,ATII,IAV,24,mock,Total,PAIRED
SRP161185,SRR7816499,ATII,IAV,24,mock,Total,PAIRED
SRP161185,SRR7816500,ATII,IAV,24,infected,Total,PAIRED
SRP161185,SRR7816501,ATII,IAV,24,infected,Total,PAIRED
SRP161185,SRR7816502,ATII,IAV,24,infected,Total,PAIRED
SRP163661,SRR7969297,MRC5,HCMV,48,mock,Total,PAIRED
SRP163661,SRR7969299,MRC5,HCMV,48,infected,Total,PAIRED
SRP163661,SRR7969301,MRC5,HCMV,48,infected,Total,PAIRED
SRP163661,SRR7969303,MRC5,HCMV,48,infected,Total,PAIRED
SRP163661,SRR7969305,MRC5,HCMV,48,infected,Total,PAIRED
SRP163661,SRR7969296,MRC5,HCMV,48,mock,Total,PAIRED
SRP163661,SRR7969298,MRC5,HCMV,48,infected,Total,PAIRED
SRP163661,SRR7969300,MRC5,HCMV,48,infected,Total,PAIRED
SRP163661,SRR7969302,MRC5,HCMV,48,infected,Total,PAIRED
SRP163661,SRR7969304,MRC5,HCMV,48,infected,Total,PAIRED
SRP163661,SRR7969310,MRC5,HSV1,9,mock,Total,PAIRED
SRP163661,SRR7969312,MRC5,HSV1,9,infected,Total,PAIRED
SRP163661,SRR7969314,MRC5,HSV1,9,infected,Total,PAIRED
SRP163661,SRR7969311,MRC5,HSV1,9,mock,Total,PAIRED
SRP163661,SRR7969313,MRC5,HSV1,9,infected,Total,PAIRED
SRP163661,SRR7969315,MRC5,HSV1,9,infected,Total,PAIRED
SRP163661,SRR7969316,MRC5,ADV,24,mock,Total,PAIRED
SRP163661,SRR7969317,MRC5,ADV,24,mock,Total,PAIRED
SRP163661,SRR7969318,MRC5,ADV,24,infected,Total,PAIRED
SRP163661,SRR7969319,MRC5,ADV,24,infected,Total,PAIRED
SRP163661,SRR7969320,MRC5,ADV,24,infected,Total,PAIRED
SRP165235,SRR8037285,A549,IAV,NA,mock,Total,PAIRED
SRP165235,SRR8037286,A549,IAV,NA,mock,Total,PAIRED
SRP165235,SRR8037287,A549,IAV,NA,mock,Total,PAIRED
SRP165235,SRR8037288,A549,IAV,NA,infected,Total,PAIRED
SRP165235,SRR8037289,A549,IAV,NA,infected,Total,PAIRED
SRP165235,SRR8037290,A549,IAV,NA,infected,Total,PAIRED
SRP177947,SRR8422111,THP1,HSV1,1,mock,Total,PAIRED
SRP177947,SRR8422112,THP1,HSV1,1,mock,Total,PAIRED
SRP177947,SRR8422119,THP1,HSV1,24,infected,Total,PAIRED
SRP177947,SRR8422120,THP1,HSV1,24,infected,Total,PAIRED
SRP189489,SRR8787263,HFF,HSV1,8,mock,Total,PAIRED
SRP189489,SRR8787271,HFF,HSV1,8,mock,Total,PAIRED
SRP189489,SRR8787267,HFF,HSV1,8,infected,Total,PAIRED
SRP189489,SRR8787272,HFF,HSV1,8,infected,Total,PAIRED
SRP202003,SRR9332044,HepG2,CCHFV,72,mock,Total,PAIRED
SRP202003,SRR9332046,HepG2,CCHFV,72,mock,Total,PAIRED
SRP202003,SRR9332049,HepG2,CCHFV,72,infected,Total,PAIRED
SRP202003,SRR9332048,HepG2,CCHFV,72,infected,Total,PAIRED
SRP202003,SRR9332047,HepG2,CCHFV,72,infected,Total,PAIRED
SRP202003,SRR9332045,HepG2,CCHFV,72,mock,Total,PAIRED
SRP212863,SRR9640033,HUVEC,HTNV,72,mock,Total,PAIRED
SRP212863,SRR9640034,HUVEC,HTNV,72,mock,Total,PAIRED
SRP212863,SRR9640032,HUVEC,HTNV,72,mock,Total,PAIRED
SRP212863,SRR9640035,HUVEC,HTNV,72,infected,Total,PAIRED
SRP212863,SRR9640037,HUVEC,HTNV,72,infected,Total,PAIRED
SRP212863,SRR9640036,HUVEC,HTNV,72,infected,Total,PAIRED
SRP223234,SRR10181180,HFK,HPV,NA,mock,Total,PAIRED
SRP223234,SRR10181181,HFK,HPV,NA,mock,Total,PAIRED
SRP223234,SRR10181182,HFK,HPV,NA,mock,Total,PAIRED
SRP223234,SRR10181183,HFK,HPV,NA,mock,Total,PAIRED
SRP223234,SRR10181184,HFK,HPV,NA,mock,Total,PAIRED
SRP223234,SRR10181185,HFK,HPV,NA,infected,Total,PAIRED
SRP223234,SRR10181186,HFK,HPV,NA,infected,Total,PAIRED
SRP223234,SRR10181187,HFK,HPV,NA,infected,Total,PAIRED
SRP223234,SRR10181188,HFK,HPV,NA,infected,Total,PAIRED
SRP223234,SRR10181189,HFK,HPV,NA,infected,Total,PAIRED
SRP225661,SRR10277609,A549,WNV,24,mock,Total,PAIRED
SRP225661,SRR10277610,A549,WNV,24,mock,Total,PAIRED
SRP225661,SRR10277611,A549,WNV,24,infected,Total,PAIRED
SRP225661,SRR10277612,A549,WNV,24,infected,Total,PAIRED
SRP227272,SRR10357375,calu3,MERS,24,mock,Total,PAIRED
SRP227272,SRR10357376,calu3,MERS,24,mock,Total,PAIRED
SRP227272,SRR10357377,calu3,MERS,24,mock,Total,PAIRED
SRP227272,SRR10357372,calu3,MERS,24,infected,Total,PAIRED
SRP227272,SRR10357373,calu3,MERS,24,infected,Total,PAIRED
SRP227272,SRR10357374,calu3,MERS,24,infected,Total,PAIRED
SRP230823,SRR10503925,HeLa,IAV,24,mock,Total,PAIRED
SRP230823,SRR10503927,HeLa,IAV,24,mock,Total,PAIRED
SRP230823,SRR10503928,HeLa,IAV,24,mock,Total,PAIRED
SRP230823,SRR10503929,HeLa,IAV,24,mock,Total,PAIRED
SRP230823,SRR10503936,HeLa,IAV,24,infected,Total,PAIRED
SRP230823,SRR10503937,HeLa,IAV,24,infected,Total,PAIRED
SRP230823,SRR10503938,HeLa,IAV,24,infected,Total,PAIRED
SRP230823,SRR10503939,HeLa,IAV,24,infected,Total,PAIRED
SRP234025,SRR10559983,A549,IAV,48,mock,Total,PAIRED
SRP234025,SRR10559984,A549,IAV,48,mock,Total,PAIRED
SRP234025,SRR10559985,A549,IAV,48,mock,Total,PAIRED
SRP234025,SRR10559995,A549,IAV,48,infected,Total,PAIRED
SRP234025,SRR10559996,A549,IAV,48,infected,Total,PAIRED
SRP234025,SRR10559997,A549,IAV,48,infected,Total,PAIRED
SRP251704,SRR11244251,A549,ZIKV,48,mock,Total,PAIRED
SRP251704,SRR11244252,A549,ZIKV,48,mock,Total,PAIRED
SRP251704,SRR11244253,A549,ZIKV,48,mock,Total,PAIRED
SRP251704,SRR11244254,A549,ZIKV,48,infected,Total,PAIRED
SRP251704,SRR11244255,A549,ZIKV,48,infected,Total,PAIRED
SRP251704,SRR11244256,A549,ZIKV,48,infected,Total,PAIRED
SRP255890,SRR11519099,BCells,EBV,NA,mock,Total,PAIRED
SRP255890,SRR11519100,BCells,EBV,NA,mock,Total,PAIRED
SRP255890,SRR11519101,BCells,EBV,NA,infected,Total,PAIRED
SRP255890,SRR11519102,BCells,EBV,NA,infected,Total,PAIRED
SRP277439,SRR12450400,HEK293A,PoRV,12,mock,Total,PAIRED
SRP277439,SRR12450401,HEK293A,PoRV,12,mock,Total,PAIRED
SRP277439,SRR12450402,HEK293A,PoRV,12,mock,Total,PAIRED
SRP277439,SRR12450403,HEK293A,PoRV,12,infected,Total,PAIRED
SRP277439,SRR12450404,HEK293A,PoRV,12,infected,Total,PAIRED
SRP277439,SRR12450405,HEK293A,PoRV,12,infected,Total,PAIRED
SRP251672,SRR11243140,A549,IAV,16,mock,Total,PAIRED
SRP251672,SRR11243141,A549,IAV,16,mock,Total,PAIRED
SRP251672,SRR11243142,A549,IAV,16,mock,Total,PAIRED
SRP251672,SRR11243158,A549,IAV,16,infected,Total,PAIRED
SRP251672,SRR11243159,A549,IAV,16,infected,Total,PAIRED
SRP251672,SRR11243160,A549,IAV,16,infected,Total,PAIRED
SRP272285,SRR12243954,A549,IAV,6,mock,Total,PAIRED
SRP272285,SRR12243955,A549,IAV,6,mock,Total,PAIRED
SRP272285,SRR12243956,A549,IAV,6,mock,Total,PAIRED
SRP272285,SRR12243957,A549,IAV,6,mock,Total,PAIRED
SRP272285,SRR12243958,A549,IAV,6,infected,Total,PAIRED
SRP272285,SRR12243959,A549,IAV,6,infected,Total,PAIRED
SRP272285,SRR12243960,A549,IAV,6,infected,Total,PAIRED
SRP272285,SRR12243961,A549,IAV,6,infected,Total,PAIRED
SRP272684,SRR12273197,BLymphoma,EBV,24,mock,Total,PAIRED
SRP272684,SRR12273198,BLymphoma,EBV,24,mock,Total,PAIRED
SRP272684,SRR12273201,BLymphoma,EBV,24,infected,Total,PAIRED
SRP272684,SRR12273202,BLymphoma,EBV,24,infected,Total,PAIRED
SRP277269,SRR12441991,293T,IAV,6,mock,Total,PAIRED
SRP277269,SRR12441992,293T,IAV,6,mock,Total,PAIRED
SRP277269,SRR12441993,293T,IAV,6,mock,Total,PAIRED
SRP277269,SRR12441994,293T,IAV,6,infected,Total,PAIRED
SRP277269,SRR12441995,293T,IAV,6,infected,Total,PAIRED
SRP277269,SRR12441996,293T,IAV,6,infected,Total,PAIRED
SRP281173,SRR12606565,A549,IAV,0,mock,Total,PAIRED
SRP281173,SRR12606566,A549,IAV,0,mock,Total,PAIRED
SRP281173,SRR12606569,A549,IAV,12,infected,Total,PAIRED
SRP281173,SRR12606570,A549,IAV,12,infected,Total,PAIRED
SRP278618,SRR12507513,iPSC-cardiomyocyte,SARS-CoV-2,48,mock,Total,PAIRED
SRP278618,SRR12507514,iPSC-cardiomyocyte,SARS-CoV-2,48,mock,Total,PAIRED
SRP278618,SRR12507515,iPSC-cardiomyocyte,SARS-CoV-2,48,mock,Total,PAIRED
SRP278618,SRR12507516,iPSC-cardiomyocyte,SARS-CoV-2,48,mock,Total,PAIRED
SRP278618,SRR12507517,iPSC-cardiomyocyte,SARS-CoV-2,48,infected,Total,PAIRED
SRP278618,SRR12507518,iPSC-cardiomyocyte,SARS-CoV-2,48,infected,Total,PAIRED
SRP278618,SRR12507519,iPSC-cardiomyocyte,SARS-CoV-2,48,infected,Total,PAIRED
SRP278618,SRR12507520,iPSC-cardiomyocyte,SARS-CoV-2,48,infected,Total,PAIRED
SRP278618,SRR12507521,iPSC-cardiomyocyte,SARS-CoV-2,48,infected,Total,PAIRED
SRP278618,SRR12507522,iPSC-cardiomyocyte,SARS-CoV-2,48,infected,Total,PAIRED
SRP278618,SRR12507523,iPSC-cardiomyocyte,SARS-CoV-2,48,infected,Total,PAIRED
SRP278618,SRR12507524,iPSC-cardiomyocyte,SARS-CoV-2,48,infected,Total,PAIRED
SRP278618,SRR12507525,iPSC-cardiomyocyte,SARS-CoV-2,48,infected,Total,PAIRED
SRP278618,SRR12507526,iPSC-cardiomyocyte,SARS-CoV-2,48,infected,Total,PAIRED
SRP278618,SRR12507527,iPSC-cardiomyocyte,SARS-CoV-2,48,infected,Total,PAIRED
SRP278618,SRR12507528,iPSC-cardiomyocyte,SARS-CoV-2,48,infected,Total,PAIRED
SRP278618,SRR12507529,iPSC-cardiomyocyte,SARS-CoV-2,48,infected,Total,PAIRED
SRP278618,SRR12507530,iPSC-cardiomyocyte,SARS-CoV-2,48,infected,Total,PAIRED
SRP278618,SRR12507531,iPSC-cardiomyocyte,SARS-CoV-2,48,infected,Total,PAIRED
SRP278618,SRR12507532,iPSC-cardiomyocyte,SARS-CoV-2,48,infected,Total,PAIRED
SRP278618,SRR12507533,iPSC-cardiomyocyte,SARS-CoV-2,48,infected,Total,PAIRED
SRP278618,SRR12507534,iPSC-cardiomyocyte,SARS-CoV-2,48,infected,Total,PAIRED
SRP044763,SRR1523603,IMR90,ADV,24,mock,mRNA,SINGLE
SRP044763,SRR1523605,IMR90,ADV,24,infected,mRNA,SINGLE
SRP044763,SRR1523608,IMR90,ADV,24,mock,mRNA,SINGLE
SRP044763,SRR1523610,IMR90,ADV,24,infected,mRNA,SINGLE
SRP065236,SRR4209731,CD4TCELL,HIV1,120,mock,Total,SINGLE
SRP065236,SRR4209732,CD4TCELL,HIV1,120,infected,Total,SINGLE
SRP065236,SRR2747471,HFF,HSV2,8,mock,Total,SINGLE
SRP065236,SRR2747472,HFF,HSV2,8,infected,Total,SINGLE
SRP065236,SRR2747468,NPC,HCMV,48,mock,Total,SINGLE
SRP065236,SRR2747469,NPC,HCMV,48,infected,Total,SINGLE
SRP065236,SRR2747462,HFF,HCMV,48,mock,Total,SINGLE
SRP065236,SRR2747463,HFF,HCMV,48,infected,Total,SINGLE
SRP065236,SRR2747465,EC,HCMV,48,mock,Total,SINGLE
SRP065236,SRR2747466,EC,HCMV,48,infected,Total,SINGLE
SRP081284,SRR4019613,MeWo,VZV,24,mock,Total,SINGLE
SRP081284,SRR4019617,MeWo,VZV,24,infected,Total,SINGLE
SRP081284,SRR4019628,MeWo,VZV,24,mock,Total,SINGLE
SRP081284,SRR4019631,MeWo,VZV,24,infected,Total,SINGLE
SRP096169,SRR5150482,HFF,ORFV,8,mock,NA,SINGLE
SRP096169,SRR5150483,HFF,ORFV,8,mock,NA,SINGLE
SRP096169,SRR5150484,HFF,ORFV,8,mock,NA,SINGLE
SRP096169,SRR5150488,HFF,ORFV,8,infected,NA,SINGLE
SRP096169,SRR5150489,HFF,ORFV,8,infected,NA,SINGLE
SRP096169,SRR5150490,HFF,ORFV,8,infected,NA,SINGLE
SRP130978,SRR6495462,HUH751,DENV2,NA,mock,Total,SINGLE
SRP130978,SRR6495463,HUH751,DENV2,NA,mock,Total,SINGLE
SRP130978,SRR6495464,HUH751,DENV2,NA,infected,Total,SINGLE
SRP130978,SRR6495465,HUH751,DENV2,NA,infected,Total,SINGLE
SRP130978,SRR6495462,HUH751,ZIKV,NA,mock,Total,SINGLE
SRP130978,SRR6495463,HUH751,ZIKV,NA,mock,Total,SINGLE
SRP130978,SRR6495466,HUH751,ZIKV,NA,infected,Total,SINGLE
SRP130978,SRR6495467,HUH751,ZIKV,NA,infected,Total,SINGLE
SRP131318,SRR5990830,Rhabdomyosarcoma,Enterovirus,6.25,mock,Total,SINGLE
SRP131318,SRR5990831,Rhabdomyosarcoma,Enterovirus,6.25,mock,Total,SINGLE
SRP131318,SRR5990832,Rhabdomyosarcoma,Enterovirus,6.25,mock,Total,SINGLE
SRP131318,SRR5990836,Rhabdomyosarcoma,Enterovirus,6.25,infected,Total,SINGLE
SRP131318,SRR5990837,Rhabdomyosarcoma,Enterovirus,6.25,infected,Total,SINGLE
SRP131318,SRR5990838,Rhabdomyosarcoma,Enterovirus,6.25,infected,Total,SINGLE
SRP132737,SRR6713455,Huh7,DENV2,18,mock,Total,SINGLE
SRP132737,SRR6713456,Huh7,DENV2,18,mock,Total,SINGLE
SRP132737,SRR6713457,Huh7,DENV2,18,mock,Total,SINGLE
SRP132737,SRR6713458,Huh7,DENV2,18,infected,Total,SINGLE
SRP132737,SRR6713459,Huh7,DENV2,18,infected,Total,SINGLE
SRP132737,SRR6713460,Huh7,DENV2,18,infected,Total,SINGLE
SRP142592,SRR7062764,hNSC,ZIKV,72,mock,Total,SINGLE
SRP142592,SRR7062765,hNSC,ZIKV,72,mock,Total,SINGLE
SRP142592,SRR7062766,hNSC,ZIKV,72,infected,Total,SINGLE
SRP142592,SRR7062767,hNSC,ZIKV,72,infected,Total,SINGLE
SRP142592,SRR7062768,hNSC,ZIKV,72,infected,Total,SINGLE
SRP142592,SRR7062769,hNSC,ZIKV,72,infected,Total,SINGLE
SRP155217,SRR7591655,CD4TCELL,HIV1,72,mock,Total,SINGLE
SRP155217,SRR7591656,CD4TCELL,HIV1,72,mock,Total,SINGLE
SRP155217,SRR7591657,CD4TCELL,HIV1,72,mock,Total,SINGLE
SRP155217,SRR7591658,CD4TCELL,HIV1,72,mock,Total,SINGLE
SRP155217,SRR7591659,CD4TCELL,HIV1,72,infected,Total,SINGLE
SRP155217,SRR7591660,CD4TCELL,HIV1,72,infected,Total,SINGLE
SRP155217,SRR7591661,CD4TCELL,HIV1,72,infected,Total,SINGLE
SRP155217,SRR7591662,CD4TCELL,HIV1,72,infected,Total,SINGLE
SRP155822,SRR7627278,ileum-organoid,HuNoV,48,mock,Total,SINGLE
SRP155822,SRR7627279,ileum-organoid,HuNoV,48,mock,Total,SINGLE
SRP155822,SRR7627281,ileum-organoid,HuNoV,48,mock,Total,SINGLE
SRP155822,SRR7627282,ileum-organoid,HuNoV,48,mock,Total,SINGLE
SRP155822,SRR7627283,ileum-organoid,HuNoV,48,mock,Total,SINGLE
SRP155822,SRR7627284,ileum-organoid,HuNoV,48,mock,Total,SINGLE
SRP155822,SRR7627285,ileum-organoid,HuNoV,48,infected,Total,SINGLE
SRP155822,SRR7627286,ileum-organoid,HuNoV,48,infected,Total,SINGLE
SRP155822,SRR7627287,ileum-organoid,HuNoV,48,infected,Total,SINGLE
SRP155822,SRR7627288,ileum-organoid,HuNoV,48,infected,Total,SINGLE
SRP155822,SRR7627289,ileum-organoid,HuNoV,48,infected,Total,SINGLE
SRP155822,SRR7627290,ileum-organoid,HuNoV,48,infected,Total,SINGLE
SRP170549,SRR8239989,CALU3,MERS-CoV,24,mock,Total,SINGLE
SRP170549,SRR8239990,CALU3,MERS-CoV,24,mock,Total,SINGLE
SRP170549,SRR8239991,CALU3,MERS-CoV,24,mock,Total,SINGLE
SRP170549,SRR8239992,CALU3,MERS-CoV,24,infected,Total,SINGLE
SRP170549,SRR8239993,CALU3,MERS-CoV,24,infected,Total,SINGLE
SRP170549,SRR8239994,CALU3,MERS-CoV,24,infected,Total,SINGLE
SRP187206,SRR8649957,HUH751,HCV,148,infected,Total,SINGLE
SRP187206,SRR8649958,HUH751,HCV,148,infected,Total,SINGLE
SRP187206,SRR8649959,HUH751,HCV,148,infected,Total,SINGLE
SRP187206,SRR8649963,HUH751,HCV,148,mock,Total,SINGLE
SRP187206,SRR8649964,HUH751,HCV,148,mock,Total,SINGLE
SRP187206,SRR8649965,HUH751,HCV,148,mock,Total,SINGLE
SRP188490,SRR8731921,HEK293,DENV2,0,mock,Total,SINGLE
SRP188490,SRR8731922,HEK293,DENV2,18,infected,Total,SINGLE
SRP188490,SRR8731923,HEK293,DENV2,44,infected,Total,SINGLE
SRP219310,SRR10022433,ML1,HCV,24,mock,Total,SINGLE
SRP219310,SRR10022434,ML1,HCV,24,mock,Total,SINGLE
SRP219310,SRR10022435,ML1,HCV,24,infected,Total,SINGLE
SRP219310,SRR10022436,ML1,HCV,24,infected,Total,SINGLE
SRP219310,SRR10022437,Huh7,HCV,24,mock,Total,SINGLE
SRP219310,SRR10022438,Huh7,HCV,24,mock,Total,SINGLE
SRP219310,SRR10022439,Huh7,HCV,24,infected,Total,SINGLE
SRP219310,SRR10022440,Huh7,HCV,24,infected,Total,SINGLE
SRP219310,SRR10022441,Thyrocytes,HCV,24,mock,Total,SINGLE
SRP219310,SRR10022442,Thyrocytes,HCV,24,mock,Total,SINGLE
SRP219310,SRR10022443,Thyrocytes,HCV,24,mock,Total,SINGLE
SRP219310,SRR10022444,Thyrocytes,HCV,24,infected,Total,SINGLE
SRP219310,SRR10022445,Thyrocytes,HCV,24,infected,Total,SINGLE
SRP219310,SRR10022446,Thyrocytes,HCV,24,infected,Total,SINGLE
SRP229586,SRR10433016,A549,RSV,36,mock,Total,SINGLE
SRP229586,SRR10433017,A549,RSV,36,infected,Total,SINGLE
SRP229586,SRR10433018,H292,RSV,36,mock,Total,SINGLE
SRP229586,SRR10433019,H292,RSV,36,infected,Total,SINGLE
SRP229586,SRR10433021,HBEC,RSV,36,mock,Total,SINGLE
SRP229586,SRR10433022,HBEC,RSV,36,infected,Total,SINGLE
SRP253197,SRR11319894,HepG2,ZIKV,48,mock,Total,SINGLE
SRP253197,SRR11319895,HepG2,ZIKV,48,mock,Total,SINGLE
SRP253197,SRR11319896,HepG2,ZIKV,48,mock,Total,SINGLE
SRP253197,SRR11319897,HepG2,ZIKV,48,infected,Total,SINGLE
SRP253197,SRR11319898,HepG2,ZIKV,48,infected,Total,SINGLE
SRP253197,SRR11319899,HepG2,ZIKV,48,infected,Total,SINGLE
SRP253951,SRR11412267,A549,RSV,24,mock,Total,SINGLE
SRP253951,SRR11412268,A549,RSV,24,mock,Total,SINGLE
SRP253951,SRR11412269,A549,RSV,24,mock,Total,SINGLE
SRP253951,SRR11412270,A549,RSV,24,mock,Total,SINGLE
SRP253951,SRR11412271,A549,RSV,24,infected,Total,SINGLE
SRP253951,SRR11412272,A549,RSV,24,infected,Total,SINGLE
SRP253951,SRR11412273,A549,RSV,24,infected,Total,SINGLE
SRP253951,SRR11412274,A549,RSV,24,infected,Total,SINGLE
SRP253951,SRR11412283,A549,IAV,9,mock,Total,SINGLE
SRP253951,SRR11412284,A549,IAV,9,mock,Total,SINGLE
SRP253951,SRR11412285,A549,IAV,9,mock,Total,SINGLE
SRP253951,SRR11412286,A549,IAV,9,mock,Total,SINGLE
SRP253951,SRR11412287,A549,IAV,9,infected,Total,SINGLE
SRP253951,SRR11412288,A549,IAV,9,infected,Total,SINGLE
SRP253951,SRR11412289,A549,IAV,9,infected,Total,SINGLE
SRP253951,SRR11412290,A549,IAV,9,infected,Total,SINGLE
SRP253951,SRR11517750,A549,HPIV3,24,mock,Total,SINGLE
SRP253951,SRR11517751,A549,HPIV3,24,mock,Total,SINGLE
SRP253951,SRR11517752,A549,HPIV3,24,mock,Total,SINGLE
SRP253951,SRR11517756,A549,HPIV3,24,infected,Total,SINGLE
SRP253951,SRR11517757,A549,HPIV3,24,infected,Total,SINGLE
SRP253951,SRR11517758,A549,HPIV3,24,infected,Total,SINGLE
SRP253951,SRR11573898,A549-ACE2,SARS-CoV-2,24,mock,Total,SINGLE
SRP253951,SRR11573899,A549-ACE2,SARS-CoV-2,24,mock,Total,SINGLE
SRP253951,SRR11573900,A549-ACE2,SARS-CoV-2,24,mock,Total,SINGLE
SRP253951,SRR11573901,A549-ACE2,SARS-CoV-2,24,mock,Total,SINGLE
SRP253951,SRR11573902,A549-ACE2,SARS-CoV-2,24,mock,Total,SINGLE
SRP253951,SRR11573903,A549-ACE2,SARS-CoV-2,24,mock,Total,SINGLE
SRP253951,SRR11573904,A549-ACE2,SARS-CoV-2,24,infected,Total,SINGLE
SRP253951,SRR11573905,A549-ACE2,SARS-CoV-2,24,infected,Total,SINGLE
SRP253951,SRR11573906,A549-ACE2,SARS-CoV-2,24,infected,Total,SINGLE
SRP253951,SRR11573907,A549-ACE2,SARS-CoV-2,24,infected,Total,SINGLE
SRP253951,SRR11573908,A549-ACE2,SARS-CoV-2,24,infected,Total,SINGLE
SRP253951,SRR11573909,A549-ACE2,SARS-CoV-2,24,infected,Total,SINGLE
SRP273473,SRR12319413,DC,SARS-CoV-2,2,mock,Total,SINGLE
SRP273473,SRR12319414,DC,SARS-CoV-2,2,infected,Total,SINGLE
SRP273473,SRR12319415,MAC,SARS-CoV-2,2,mock,Total,SINGLE
SRP273473,SRR12319416,MAC,SARS-CoV-2,2,infected,Total,SINGLE
SRP270817,SRR12168536,PHAE,SARS-CoV-2,48,mock,Total,SINGLE
SRP270817,SRR12168537,PHAE,SARS-CoV-2,48,mock,Total,SINGLE
SRP270817,SRR12168538,PHAE,SARS-CoV-2,48,mock,Total,SINGLE
SRP270817,SRR12168539,PHAE,SARS-CoV-2,48,mock,Total,SINGLE
SRP270817,SRR12168540,PHAE,SARS-CoV-2,48,mock,Total,SINGLE
SRP270817,SRR12168541,PHAE,SARS-CoV-2,48,mock,Total,SINGLE
SRP270817,SRR12168542,PHAE,SARS-CoV-2,48,infected,Total,SINGLE
SRP270817,SRR12168543,PHAE,SARS-CoV-2,48,infected,Total,SINGLE
SRP270817,SRR12168544,PHAE,SARS-CoV-2,48,infected,Total,SINGLE
SRP270817,SRR12168545,PHAE,SARS-CoV-2,48,infected,Total,SINGLE
SRP270817,SRR12168546,PHAE,SARS-CoV-2,48,infected,Total,SINGLE
SRP270817,SRR12168547,PHAE,SARS-CoV-2,48,infected,Total,SINGLE
SRP266618,SRR11966163,NTT,HCMV,24,mock,Total,SINGLE
SRP266618,SRR11966164,NTT,HCMV,24,mock,Total,SINGLE
SRP266618,SRR11966165,NTT,HCMV,24,infected,Total,SINGLE
SRP266618,SRR11966166,NTT,HCMV,24,infected,Total,SINGLE